-- MySQL dump 10.13  Distrib 8.0.36, for Linux (x86_64)
--
-- Host: agenciaboz.com.br    Database: casaludica.api
-- ------------------------------------------------------
-- Server version	5.5.5-10.3.39-MariaDB-0ubuntu0.20.04.2

/*!40101 SET @OLD_CHARACTER_SET_CLIENT=@@CHARACTER_SET_CLIENT */;
/*!40101 SET @OLD_CHARACTER_SET_RESULTS=@@CHARACTER_SET_RESULTS */;
/*!40101 SET @OLD_COLLATION_CONNECTION=@@COLLATION_CONNECTION */;
/*!50503 SET NAMES utf8mb4 */;
/*!40103 SET @OLD_TIME_ZONE=@@TIME_ZONE */;
/*!40103 SET TIME_ZONE='+00:00' */;
/*!40014 SET @OLD_UNIQUE_CHECKS=@@UNIQUE_CHECKS, UNIQUE_CHECKS=0 */;
/*!40014 SET @OLD_FOREIGN_KEY_CHECKS=@@FOREIGN_KEY_CHECKS, FOREIGN_KEY_CHECKS=0 */;
/*!40101 SET @OLD_SQL_MODE=@@SQL_MODE, SQL_MODE='NO_AUTO_VALUE_ON_ZERO' */;
/*!40111 SET @OLD_SQL_NOTES=@@SQL_NOTES, SQL_NOTES=0 */;

--
-- Dumping data for table `Newsletter`
--

LOCK TABLES `Newsletter` WRITE;
/*!40000 ALTER TABLE `Newsletter` DISABLE KEYS */;
INSERT INTO `Newsletter` (`id`, `name`, `email`) VALUES (1,'fernando','fernando@agenciaboz.com.br'),(2,'fernando','fernando@agenciaboz.com.br'),(3,'Fran','francieli@agenciazop.com.br'),(4,'fran','francieliceleghim2013@gmail.com'),(5,'Fran','Francieliceleghim2013@gmail.com'),(6,'Fran','Francieliceleghim2013@gmail.com'),(7,'fran','francieliceleghim2013@gmail.com'),(8,'Bruno','bh@agenciazop.com.br'),(9,'Francieli Celeghim','francieliceleghim2013@gmail.com'),(10,'',''),(11,'Mauren Stieven','marketing@grupoludico.com.br'),(12,'Fran','francieli@agenciazop.com.br'),(13,'Francieli Teste 2024','francieli@agenciazop.com.br'),(14,'',''),(15,'CAROLINE GOZZI FARSURA SILVA CABRAL','farsuracaroline@gmail.com'),(16,'CAROLINE GOZZI FARSURA SILVA CABRAL','farsuracaroline@gmail.com'),(17,'',''),(18,'Josefa gerciana das Neves','geysemaria435@gmail.com'),(19,'',''),(20,'',''),(21,'',''),(22,'Sabrina Vieira','profsavieira@gmail.com'),(23,'Sabrina Vieira','profsavieira@gmail.com'),(24,'Flaviadallalana@gmail.com','aconexaodosaber@gmail.com'),(25,'Flávia Dallalana ','aconexaodosaber@gmail.com'),(26,'Flávia Dallalana ','Flaviadallalana@gmail.com'),(27,'Flávia Dallalana ','flaviadallalana@gmail.com');
/*!40000 ALTER TABLE `Newsletter` ENABLE KEYS */;
UNLOCK TABLES;

--
-- Dumping data for table `Order`
--

LOCK TABLES `Order` WRITE;
/*!40000 ALTER TABLE `Order` DISABLE KEYS */;
INSERT INTO `Order` (`id`, `storeId`, `notes`, `datetime`, `total`, `paymentType`, `installments`, `userId`, `requestLog`, `responseLog`, `shippingPrice`) VALUES (62790,2,'','1712778828633',9.9,NULL,NULL,115,NULL,NULL,0),(62791,2,'','1712778853053',9.9,'PIX',NULL,114,NULL,NULL,0),(62792,2,'','1712779203791',9.9,'CREDIT_CARD',NULL,116,NULL,NULL,0),(62793,2,'','1712780032300',6.9,'DEBIT_CARD',NULL,117,NULL,NULL,0),(62794,2,'','1712780284057',6.9,'CREDIT_CARD',NULL,117,NULL,NULL,0),(62795,2,'','1712780415575',6.9,'BOLETO',NULL,117,NULL,NULL,0),(62796,2,'','1712780520309',6.9,'PIX',NULL,117,NULL,NULL,0),(62797,2,'','1712781319797',9.9,'PIX',NULL,114,NULL,NULL,0),(62798,2,'','1712781516338',9.9,'PIX',NULL,114,NULL,NULL,0),(62799,2,'','1712781633134',29.9,'PIX',NULL,114,NULL,NULL,0),(62800,2,'','1712781772164',9.9,'CREDIT_CARD',NULL,114,NULL,NULL,0),(62801,2,'','1712781943309',9.9,'CREDIT_CARD',NULL,114,NULL,NULL,0),(62802,2,'','1712838622950',9.9,NULL,NULL,115,NULL,NULL,0),(62803,2,'','1712844728464',19.8,'PIX',NULL,118,NULL,NULL,0),(62804,2,'teste','1712848330835',687.6999999999999,NULL,NULL,119,NULL,NULL,0),(62805,2,'','1712849240917',687.6999999999999,NULL,NULL,117,NULL,NULL,0),(62806,2,'','1712849349709',9.9,'PIX',NULL,121,NULL,NULL,0),(62807,2,'','1712850589700',9.9,'DEBIT_CARD',NULL,114,NULL,NULL,0),(62808,2,'','1712859892748',29.9,NULL,NULL,117,NULL,NULL,0),(62809,2,'','1712860353250',9.9,'PIX',NULL,122,NULL,NULL,0),(62810,2,'Pedido meu','1712918432079',3866.4,'CREDIT_CARD',NULL,119,NULL,NULL,0),(62811,2,'Teste','1712921677053',149.5,NULL,NULL,119,NULL,NULL,0),(62812,2,'','1712921752926',149.5,NULL,NULL,119,NULL,NULL,0),(62813,2,'','1712922231148',59.8,NULL,NULL,119,NULL,NULL,0),(62814,2,'Teste 457','1712923237646',100178.7,NULL,NULL,119,NULL,NULL,0),(62815,2,'Teste','1712924209320',4551.799999999999,'CREDIT_CARD',NULL,119,NULL,NULL,0),(62816,2,'','1712924843871',349.9,'CREDIT_CARD',NULL,119,NULL,NULL,0),(62817,2,'','1712926210872',3889.7,NULL,NULL,119,NULL,NULL,0),(62818,2,'','1712926311311',349.9,NULL,NULL,119,NULL,NULL,0),(62819,2,'Teste fran','1712928223374',349.9,'CREDIT_CARD',NULL,123,NULL,NULL,0),(62820,2,'','1712928692442',349.9,'CREDIT_CARD',NULL,124,NULL,NULL,0),(62821,2,'','1712936217009',2278.3,NULL,NULL,119,NULL,NULL,0),(62822,2,'teste','1712936525668',39.9,'BOLETO',NULL,119,NULL,NULL,0),(62823,2,'','1712936796028',83.69999999999999,NULL,NULL,119,NULL,NULL,0),(62824,2,'','1712936846139',35.9,'BOLETO',NULL,119,NULL,NULL,0),(62825,2,'','1712947362558',9.9,'CREDIT_CARD',NULL,125,NULL,NULL,0),(62826,2,'','1712947806475',9.9,'PIX',NULL,125,NULL,NULL,0),(62827,2,'','1713181354809',29.9,NULL,NULL,126,NULL,NULL,0),(62828,2,'','1713351736150',9.9,NULL,NULL,119,NULL,NULL,0),(62829,2,'','1713351988277',19.8,NULL,NULL,119,NULL,NULL,0),(62830,2,'','1713353894373',29.9,'BOLETO',NULL,119,NULL,NULL,0),(62831,2,'','1713354893825',75.8,'BOLETO',NULL,119,NULL,NULL,0),(62832,2,'','1713355663447',39.9,'BOLETO',NULL,119,NULL,NULL,0),(62833,2,'','1713357986845',759.5,NULL,NULL,119,NULL,NULL,0),(62834,2,'Ok','1713360285616',9.9,'BOLETO',NULL,128,NULL,NULL,0),(62835,2,'','1713364412170',61938.9,NULL,NULL,128,NULL,NULL,0),(62836,2,'','1713364609323',29.9,'BOLETO',NULL,128,NULL,NULL,0),(62837,2,'','1713365639541',12.9,'BOLETO',NULL,119,NULL,NULL,0),(62838,2,'','1713367491101',5148.500000000001,NULL,NULL,119,NULL,NULL,0),(62839,2,'teste','1713368953272',21.9,'CREDIT_CARD',NULL,119,NULL,NULL,0),(62840,2,'','1713376161568',39.9,NULL,NULL,129,NULL,NULL,0),(62841,2,'','1713389252448',9.9,'BOLETO',NULL,129,NULL,NULL,0),(62842,2,'','1713463919703',2,'PIX',NULL,117,NULL,NULL,0),(62843,2,'','1713466032341',2,NULL,NULL,117,NULL,NULL,0),(62844,2,'','1713466808726',2,NULL,NULL,117,NULL,NULL,0),(62845,2,'','1713467559454',2,NULL,NULL,125,NULL,NULL,0),(62846,2,'','1713468168919',2,NULL,NULL,117,NULL,NULL,0),(62847,2,'','1713525080311',2,NULL,NULL,117,NULL,NULL,0),(62848,2,'','1713549021631',2,NULL,NULL,117,NULL,NULL,0),(62849,2,'','1713788677802',2,NULL,NULL,117,NULL,NULL,0),(62850,2,'','1713790168634',9.9,NULL,NULL,114,NULL,NULL,0),(62851,2,'','1713790394425',9.9,NULL,NULL,114,NULL,NULL,0),(62852,2,'','1713806595825',2,'CREDIT_CARD',NULL,117,NULL,NULL,0),(62853,2,'','1713806883995',2,'DEBIT_CARD',NULL,117,NULL,NULL,0),(62854,2,'','1713810308891',9.9,'CREDIT_CARD',NULL,132,NULL,NULL,0),(62855,2,'','1713889992566',37.9,'PIX',NULL,133,NULL,NULL,0),(62856,2,'','1714043676216',291.2,NULL,NULL,134,NULL,NULL,0),(62857,2,'','1714054688352',37.9,NULL,NULL,117,NULL,NULL,0),(62858,2,'','1714054774604',75.8,NULL,NULL,117,NULL,NULL,0),(62859,2,'','1714055040516',37.9,NULL,NULL,117,NULL,NULL,0),(62860,2,'','1714310233333',145.6,NULL,NULL,135,NULL,NULL,0),(62861,2,'','1714332628579',39.9,NULL,NULL,136,NULL,NULL,0),(62862,2,'','1714393751042',9.9,NULL,NULL,117,NULL,NULL,0),(62863,2,'','1714394008889',29.9,NULL,NULL,132,NULL,NULL,0),(62864,2,'','1714394301539',145.6,NULL,NULL,119,NULL,NULL,0),(62865,2,'','1714397246580',145.6,NULL,NULL,117,NULL,NULL,0),(62866,2,'teste','1714480558098',69.9,NULL,NULL,127,NULL,NULL,0),(62867,2,'teste','1714484885869',29.9,'BOLETO',NULL,127,NULL,NULL,0),(62868,2,'','1714537926148',145.6,NULL,NULL,139,NULL,NULL,0),(62869,2,'','1714579592022',228,NULL,NULL,140,NULL,NULL,0),(62870,2,'','1715079710098',39.9,NULL,NULL,163,NULL,NULL,0),(62871,2,'','1715635894616',77.9,NULL,NULL,164,NULL,NULL,0),(62872,3,'','1715777913076',12,NULL,NULL,134,NULL,NULL,0),(62873,2,'','1715868232405',179.9,NULL,NULL,165,NULL,NULL,0),(62874,2,'','1715910297475',49.9,NULL,NULL,166,NULL,NULL,0),(62875,2,'','1715974638454',9.9,NULL,NULL,167,NULL,NULL,0),(62876,2,'','1715992648377',179.8,NULL,NULL,168,NULL,NULL,0),(62877,2,'','1716301062847',179.8,NULL,NULL,114,NULL,NULL,0),(62878,2,'','1716301468015',179.8,NULL,NULL,114,NULL,NULL,0),(62879,3,'','1716399402702',49,'CREDIT_CARD',NULL,117,'{\n    \"IdEmpresa\": 3,\n    \"IdentificadorPedido\": 62879,\n    \"TipoPagamento\": 3,\n    \"ValorFrete\": 16.290000000000006,\n    \"Cliente\": {\n        \"Bairro\": \"Centro\",\n        \"Cep\": \"88330474\",\n        \"Cidade\": \"Balneário Camboriú\",\n        \"CodigoIbge\": \"4202008\",\n        \"Complemento\": \"LOJA DE BRINQUEDOS\",\n        \"CpfCnpj\": \"10305178946\",\n        \"Email\": \"financeirofranquia@casaludica.com.br\",\n        \"Endereco\": \"Rua 1950\",\n        \"Estado\": \"SC\",\n        \"InscricaoEstadual\": null,\n        \"Nome\": \"Matheus Fernandes\",\n        \"Numero\": \"720\",\n        \"Rg\": null,\n        \"Telefone\": \"47999742143\"\n    },\n    \"ListaProduto\": [\n        {\n            \"IdProduto\": 7102,\n            \"PrecoVenda\": 49,\n            \"Quantidade\": 1\n        }\n    ]\n}',NULL,0),(62880,3,'','1716399533009',49,NULL,NULL,117,NULL,NULL,0),(62881,3,'','1716399631336',29,'PIX',NULL,117,'{\n    \"IdEmpresa\": 3,\n    \"IdentificadorPedido\": 62881,\n    \"TipoPagamento\": 2,\n    \"ValorFrete\": 16.29,\n    \"Cliente\": {\n        \"Bairro\": \"Centro\",\n        \"Cep\": \"88330474\",\n        \"Cidade\": \"Balneário Camboriú\",\n        \"CodigoIbge\": \"4202008\",\n        \"Complemento\": \"LOJA DE BRINQUEDOS\",\n        \"CpfCnpj\": \"10305178946\",\n        \"Email\": \"financeirofranquia@casaludica.com.br\",\n        \"Endereco\": \"Rua 1950\",\n        \"Estado\": \"SC\",\n        \"InscricaoEstadual\": null,\n        \"Nome\": \"Matheus Fernandes\",\n        \"Numero\": \"720\",\n        \"Rg\": null,\n        \"Telefone\": \"47999742143\"\n    },\n    \"ListaProduto\": [\n        {\n            \"IdProduto\": 18,\n            \"PrecoVenda\": 29,\n            \"Quantidade\": 1\n        }\n    ]\n}',NULL,0),(62882,3,'','1716399735962',39.9,NULL,NULL,117,NULL,NULL,0),(62883,2,'','1716491766854',59.9,NULL,NULL,173,NULL,NULL,0),(62884,2,'','1716494774305',37.9,NULL,NULL,174,NULL,NULL,0),(62885,2,'','1716578895661',145.6,NULL,NULL,117,NULL,NULL,0),(62886,2,'','1716578970201',145.6,NULL,NULL,117,NULL,NULL,0),(62887,2,'','1716579116560',145.6,NULL,NULL,117,NULL,NULL,0),(62888,2,'','1716579274785',145.6,NULL,NULL,117,NULL,NULL,0),(62889,2,'','1716579390634',9.9,NULL,NULL,117,NULL,NULL,0),(62890,2,'','1716579456821',145.6,NULL,NULL,117,NULL,NULL,0),(62891,2,'','1716579609246',145.6,NULL,NULL,117,NULL,NULL,0),(62892,2,'','1716580304355',145.6,NULL,NULL,117,NULL,NULL,0),(62893,2,'','1716580606808',145.6,NULL,NULL,117,NULL,NULL,0),(62894,2,'','1716637254513',1,NULL,NULL,175,NULL,NULL,0),(62895,2,'','1716637532564',1,NULL,NULL,175,NULL,NULL,0),(62896,2,'','1716645838548',97.9,NULL,NULL,176,NULL,NULL,0),(62897,2,'','1716816967765',94.9,NULL,NULL,178,NULL,NULL,0),(62898,2,'','1716817243388',94.9,NULL,NULL,178,NULL,NULL,0),(62899,2,'','1717160327119',145.6,NULL,NULL,117,NULL,NULL,0),(62900,2,'','1717160430051',56.9,NULL,NULL,117,NULL,NULL,0),(62901,2,'','1717160621223',9.9,NULL,NULL,117,NULL,NULL,0),(62902,2,'','1717160800344',9.9,NULL,NULL,116,NULL,NULL,0),(62903,2,'','1717161258740',9.9,'PIX',NULL,117,'{\n    \"IdEmpresa\": 2,\n    \"IdentificadorPedido\": 62903,\n    \"TipoPagamento\": 2,\n    \"ValorFrete\": 16.29,\n    \"Cliente\": {\n        \"Bairro\": \"Centro\",\n        \"Cep\": \"88330474\",\n        \"Cidade\": \"Balneário Camboriú\",\n        \"CodigoIbge\": \"4202008\",\n        \"Complemento\": \"LOJA DE BRINQUEDOS\",\n        \"CpfCnpj\": \"10305178946\",\n        \"Email\": \"financeirofranquia@casaludica.com.br\",\n        \"Endereco\": \"Rua 1950\",\n        \"Estado\": \"SC\",\n        \"InscricaoEstadual\": null,\n        \"Nome\": \"Matheus Fernandes\",\n        \"Numero\": \"720\",\n        \"Rg\": null,\n        \"Telefone\": \"47999742143\"\n    },\n    \"ListaProduto\": [\n        {\n            \"IdProduto\": 6160,\n            \"PrecoVenda\": 9.9,\n            \"Quantidade\": 1\n        }\n    ]\n}',NULL,0),(62904,2,'Apt 101 ou Elaine modas','1717330201030',77.8,NULL,NULL,179,NULL,NULL,0),(62905,2,'Preciso da nota da compra pois preciso justificar os valores para a escola .','1717342348026',38.6,'PIX',NULL,175,'{\n    \"IdEmpresa\": 2,\n    \"IdentificadorPedido\": 62905,\n    \"TipoPagamento\": 2,\n    \"ValorFrete\": 16.29,\n    \"Cliente\": {\n        \"Bairro\": \"Centro\",\n        \"Cep\": \"88330494\",\n        \"Cidade\": \"Balneário Camboriú\",\n        \"CodigoIbge\": \"4202008\",\n        \"Complemento\": \"Apto 102\",\n        \"CpfCnpj\": \"92912877091\",\n        \"Email\": \"marlizeschokal@gmail.com\",\n        \"Endereco\": \"Rua 2380\",\n        \"Estado\": \"SC\",\n        \"InscricaoEstadual\": null,\n        \"Nome\": \"Marlize Schokal \",\n        \"Numero\": \"1.308\",\n        \"Rg\": null,\n        \"Telefone\": \"47991761178\"\n    },\n    \"ListaProduto\": [\n        {\n            \"IdProduto\": 7536,\n            \"PrecoVenda\": 32.6,\n            \"Quantidade\": 1\n        },\n        {\n            \"IdProduto\": 5826,\n            \"PrecoVenda\": 1,\n            \"Quantidade\": 6\n        }\n    ]\n}',NULL,0),(62906,2,'Preciso da nota para justificar os valores na escola onde trabalho ','1717342769146',71.2,NULL,NULL,175,NULL,NULL,0),(62907,3,'','1717371739257',1834.6,NULL,NULL,119,NULL,NULL,0),(62908,3,'','1717496995783',9.9,NULL,NULL,117,NULL,NULL,0),(62909,3,'','1717497104874',9.9,NULL,NULL,117,NULL,NULL,0),(62910,3,'','1717498512972',9.9,'PIX',NULL,117,'{\n    \"IdEmpresa\": 3,\n    \"IdentificadorPedido\": 62910,\n    \"TipoPagamento\": 2,\n    \"ValorFrete\": 16.29,\n    \"Cliente\": {\n        \"Bairro\": \"Centro\",\n        \"Cep\": \"88330474\",\n        \"Cidade\": \"Balneário Camboriú\",\n        \"CodigoIbge\": \"4202008\",\n        \"Complemento\": \"LOJA DE BRINQUEDOS\",\n        \"CpfCnpj\": \"10305178946\",\n        \"Email\": \"financeirofranquia@casaludica.com.br\",\n        \"Endereco\": \"Rua 1950\",\n        \"Estado\": \"SC\",\n        \"InscricaoEstadual\": null,\n        \"Nome\": \"Matheus Fernandes\",\n        \"Numero\": \"720\",\n        \"Rg\": null,\n        \"Telefone\": \"47999742143\"\n    },\n    \"ListaProduto\": [\n        {\n            \"IdProduto\": 6160,\n            \"PrecoVenda\": 9.9,\n            \"Quantidade\": 1\n        }\n    ]\n}',NULL,0),(62911,3,'','1717498603820',44.9,NULL,NULL,117,NULL,NULL,0),(62912,3,'','1717498764249',44.9,'CREDIT_CARD',NULL,117,'{\n    \"IdEmpresa\": 3,\n    \"IdentificadorPedido\": 62912,\n    \"TipoPagamento\": 3,\n    \"ValorFrete\": 16.29,\n    \"Cliente\": {\n        \"Bairro\": \"Centro\",\n        \"Cep\": \"88330474\",\n        \"Cidade\": \"Balneário Camboriú\",\n        \"CodigoIbge\": \"4202008\",\n        \"Complemento\": \"LOJA DE BRINQUEDOS\",\n        \"CpfCnpj\": \"10305178946\",\n        \"Email\": \"financeirofranquia@casaludica.com.br\",\n        \"Endereco\": \"Rua 1950\",\n        \"Estado\": \"SC\",\n        \"InscricaoEstadual\": null,\n        \"Nome\": \"Matheus Fernandes\",\n        \"Numero\": \"720\",\n        \"Rg\": null,\n        \"Telefone\": \"47999742143\"\n    },\n    \"ListaProduto\": [\n        {\n            \"IdProduto\": 191,\n            \"PrecoVenda\": 44.9,\n            \"Quantidade\": 1\n        }\n    ]\n}',NULL,0),(62913,3,'','1717498824161',59.9,NULL,NULL,117,NULL,NULL,0),(62914,2,'','1717509992706',129.9,NULL,NULL,180,NULL,NULL,0),(62915,2,'','1717512574838',129.9,NULL,NULL,117,NULL,NULL,0),(62916,2,'','1717533870720',9.9,NULL,NULL,114,NULL,NULL,0),(62917,2,'','1717533937818',9.9,'PIX',NULL,114,'{\n    \"IdEmpresa\": 2,\n    \"IdentificadorPedido\": 62917,\n    \"TipoPagamento\": 2,\n    \"ValorFrete\": 25.509999999999998,\n    \"Cliente\": {\n        \"Bairro\": \"Municípios\",\n        \"Cep\": \"89504742\",\n        \"Cidade\": \"Caçador\",\n        \"CodigoIbge\": \"4203006\",\n        \"Complemento\": \"Casa\",\n        \"CpfCnpj\": \"02576698506\",\n        \"Email\": \"fernando@agenciaboz.com.br\",\n        \"Endereco\": \"Rua Itaiópolis\",\n        \"Estado\": \"SC\",\n        \"InscricaoEstadual\": null,\n        \"Nome\": \"Fernando Burgos\",\n        \"Numero\": \"158\",\n        \"Rg\": null,\n        \"Telefone\": \"(41) 9 8455-6795\"\n    },\n    \"ListaProduto\": [\n        {\n            \"IdProduto\": 6111,\n            \"PrecoVenda\": 9.9,\n            \"Quantidade\": 1\n        }\n    ]\n}',NULL,0),(62918,2,'TESTE AGÊNCIA BOZ','1717594109475',9.9,'PIX',NULL,114,'{\n    \"IdEmpresa\": 2,\n    \"IdentificadorPedido\": 62918,\n    \"TipoPagamento\": 2,\n    \"ValorFrete\": 25.259999999999998,\n    \"Cliente\": {\n        \"Bairro\": \"Centro\",\n        \"Cep\": \"80060020\",\n        \"Cidade\": \"Curitiba\",\n        \"CodigoIbge\": \"4106902\",\n        \"Complemento\": \"Apto 11\",\n        \"CpfCnpj\": \"02576698506\",\n        \"Email\": \"fernando@agenciaboz.com.br\",\n        \"Endereco\": \"Rua Benjamin Constant\",\n        \"Estado\": \"PR\",\n        \"InscricaoEstadual\": null,\n        \"Nome\": \"Fernando Burgos\",\n        \"Numero\": \"145\",\n        \"Rg\": null,\n        \"Telefone\": \"(41) 9 8455-6795\"\n    },\n    \"ListaProduto\": [\n        {\n            \"IdProduto\": 6160,\n            \"PrecoVenda\": 9.9,\n            \"Quantidade\": 1\n        }\n    ]\n}',NULL,0),(62919,2,'','1717594402835',9.9,'PIX',NULL,114,'{\n    \"IdEmpresa\": 2,\n    \"IdentificadorPedido\": 62919,\n    \"TipoPagamento\": 2,\n    \"ValorFrete\": 25.259999999999998,\n    \"Cliente\": {\n        \"Bairro\": \"Centro\",\n        \"Cep\": \"80060020\",\n        \"Cidade\": \"Curitiba\",\n        \"CodigoIbge\": \"4106902\",\n        \"Complemento\": \"Apto 11\",\n        \"CpfCnpj\": \"02576698506\",\n        \"Email\": \"fernando@agenciaboz.com.br\",\n        \"Endereco\": \"Rua Benjamin Constant\",\n        \"Estado\": \"PR\",\n        \"InscricaoEstadual\": null,\n        \"Nome\": \"Fernando Burgos\",\n        \"Numero\": \"145\",\n        \"Rg\": null,\n        \"Telefone\": \"(41) 9 8455-6795\"\n    },\n    \"ListaProduto\": [\n        {\n            \"IdProduto\": 6160,\n            \"PrecoVenda\": 9.9,\n            \"Quantidade\": 1\n        }\n    ]\n}',NULL,0),(62920,2,'','1717594680944',15.9,'PIX',NULL,114,'{\n    \"IdEmpresa\": 2,\n    \"IdentificadorPedido\": 62920,\n    \"TipoPagamento\": 2,\n    \"ValorFrete\": 25.259999999999998,\n    \"Cliente\": {\n        \"Bairro\": \"Centro\",\n        \"Cep\": \"80060020\",\n        \"Cidade\": \"Curitiba\",\n        \"CodigoIbge\": \"4106902\",\n        \"Complemento\": \"Apto 11\",\n        \"CpfCnpj\": \"02576698506\",\n        \"Email\": \"fernando@agenciaboz.com.br\",\n        \"Endereco\": \"Rua Benjamin Constant\",\n        \"Estado\": \"PR\",\n        \"InscricaoEstadual\": null,\n        \"Nome\": \"Fernando Burgos\",\n        \"Numero\": \"145\",\n        \"Rg\": null,\n        \"Telefone\": \"(41) 9 8455-6795\"\n    },\n    \"ListaProduto\": [\n        {\n            \"IdProduto\": 5617,\n            \"PrecoVenda\": 15.9,\n            \"Quantidade\": 1\n        }\n    ]\n}',NULL,25.26),(62921,2,'','1717594958049',29.9,'PIX',NULL,114,'{\n    \"IdEmpresa\": 2,\n    \"IdentificadorPedido\": 62921,\n    \"TipoPagamento\": 2,\n    \"ValorFrete\": 25.259999999999998,\n    \"Cliente\": {\n        \"Bairro\": \"Centro\",\n        \"Cep\": \"80060020\",\n        \"Cidade\": \"Curitiba\",\n        \"CodigoIbge\": \"4106902\",\n        \"Complemento\": \"Apto 11\",\n        \"CpfCnpj\": \"02576698506\",\n        \"Email\": \"fernando@agenciaboz.com.br\",\n        \"Endereco\": \"Rua Benjamin Constant\",\n        \"Estado\": \"PR\",\n        \"InscricaoEstadual\": null,\n        \"Nome\": \"Fernando Burgos\",\n        \"Numero\": \"145\",\n        \"Rg\": null,\n        \"Telefone\": \"(41) 9 8455-6795\"\n    },\n    \"ListaProduto\": [\n        {\n            \"IdProduto\": 2607,\n            \"PrecoVenda\": 29.9,\n            \"Quantidade\": 1\n        }\n    ]\n}',NULL,25.26),(62922,5,'','1717613432133',2,'PIX',NULL,117,'{\n    \"IdEmpresa\": 5,\n    \"IdentificadorPedido\": 62922,\n    \"TipoPagamento\": 2,\n    \"ValorFrete\": 27.54,\n    \"Cliente\": {\n        \"Bairro\": \"Centro\",\n        \"Cep\": \"31844250\",\n        \"Cidade\": \"Belo Horizonte\",\n        \"CodigoIbge\": \"3106200\",\n        \"Complemento\": \"LOJA DE BRINQUEDOS\",\n        \"CpfCnpj\": \"10305178946\",\n        \"Email\": \"financeirofranquia@casaludica.com.br\",\n        \"Endereco\": \"Rua Manuel Nunes Viana\",\n        \"Estado\": \"MG\",\n        \"InscricaoEstadual\": null,\n        \"Nome\": \"Matheus Fernandes\",\n        \"Numero\": \"720\",\n        \"Rg\": null,\n        \"Telefone\": \"47999742143\"\n    },\n    \"ListaProduto\": [\n        {\n            \"IdProduto\": 8101,\n            \"PrecoVenda\": 2,\n            \"Quantidade\": 1\n        }\n    ]\n}',NULL,27.54),(62923,5,'','1717613678742',2,'CREDIT_CARD',NULL,117,'{\n    \"IdEmpresa\": 5,\n    \"IdentificadorPedido\": 62923,\n    \"TipoPagamento\": 3,\n    \"ValorFrete\": 27.54,\n    \"Cliente\": {\n        \"Bairro\": \"Centro\",\n        \"Cep\": \"31844250\",\n        \"Cidade\": \"Belo Horizonte\",\n        \"CodigoIbge\": \"3106200\",\n        \"Complemento\": \"LOJA DE BRINQUEDOS\",\n        \"CpfCnpj\": \"10305178946\",\n        \"Email\": \"financeirofranquia@casaludica.com.br\",\n        \"Endereco\": \"Rua Manuel Nunes Viana\",\n        \"Estado\": \"MG\",\n        \"InscricaoEstadual\": null,\n        \"Nome\": \"Matheus Fernandes\",\n        \"Numero\": \"720\",\n        \"Rg\": null,\n        \"Telefone\": \"47999742143\"\n    },\n    \"ListaProduto\": [\n        {\n            \"IdProduto\": 8101,\n            \"PrecoVenda\": 2,\n            \"Quantidade\": 1\n        }\n    ]\n}',NULL,27.54),(62924,2,'','1717779845218',65.9,NULL,NULL,182,NULL,NULL,0),(62925,3,'','1717788577516',2,'PIX',NULL,134,'{\n    \"IdEmpresa\": 3,\n    \"IdentificadorPedido\": 62925,\n    \"TipoPagamento\": 2,\n    \"ValorFrete\": 31.450000000000003,\n    \"Cliente\": {\n        \"Bairro\": \"Jardim Seminário \",\n        \"Cep\": \"85605455\",\n        \"Cidade\": \"Francisco Beltrão \",\n        \"CodigoIbge\": \"4108403\",\n        \"Complemento\": \"\",\n        \"CpfCnpj\": \"04724938927\",\n        \"Email\": \"cesar.bu@hotmail.com\",\n        \"Endereco\": \"Rua Tatuai \",\n        \"Estado\": \"PR\",\n        \"InscricaoEstadual\": null,\n        \"Nome\": \"César Luís Buzzacaro\",\n        \"Numero\": \"73\",\n        \"Rg\": null,\n        \"Telefone\": \"(46) 9 9910-9952\"\n    },\n    \"ListaProduto\": [\n        {\n            \"IdProduto\": 6160,\n            \"PrecoVenda\": 2,\n            \"Quantidade\": 1\n        }\n    ]\n}',NULL,31.45),(62926,3,'','1717790128792',2,NULL,NULL,134,NULL,NULL,0),(62927,3,'','1717790810016',2,NULL,NULL,117,NULL,NULL,0),(62928,3,'','1717791207827',2,NULL,NULL,134,NULL,NULL,0),(62929,3,'','1717791372870',2,NULL,NULL,117,NULL,NULL,0),(62930,3,'','1717791543053',2,'CREDIT_CARD',NULL,134,'{\n    \"IdEmpresa\": 3,\n    \"IdentificadorPedido\": 62930,\n    \"TipoPagamento\": 3,\n    \"ValorFrete\": 31.450000000000003,\n    \"Cliente\": {\n        \"Bairro\": \"Jardim Seminário \",\n        \"Cep\": \"85605455\",\n        \"Cidade\": \"Francisco Beltrão \",\n        \"CodigoIbge\": \"4108403\",\n        \"Complemento\": \"\",\n        \"CpfCnpj\": \"04724938927\",\n        \"Email\": \"cesar.bu@hotmail.com\",\n        \"Endereco\": \"Rua Tatuai \",\n        \"Estado\": \"PR\",\n        \"InscricaoEstadual\": null,\n        \"Nome\": \"César Luís Buzzacaro\",\n        \"Numero\": \"73\",\n        \"Rg\": null,\n        \"Telefone\": \"(46) 9 9910-9952\"\n    },\n    \"ListaProduto\": [\n        {\n            \"IdProduto\": 6160,\n            \"PrecoVenda\": 2,\n            \"Quantidade\": 1\n        }\n    ]\n}',NULL,31.45),(62931,2,'','1717874275657',129.9,NULL,NULL,183,NULL,NULL,0),(62932,2,'','1717942202065',217.1,NULL,NULL,184,NULL,NULL,0),(62933,2,'','1717952611389',151.3,NULL,NULL,185,NULL,NULL,0),(62934,2,'','1717962564795',9.9,NULL,NULL,193,NULL,NULL,0),(62935,2,'','1717968821065',1089.2,NULL,NULL,194,NULL,NULL,0),(62936,2,'','1717969021430',108.9,NULL,NULL,195,NULL,NULL,0),(62937,2,'','1717969222937',9.9,NULL,NULL,195,NULL,NULL,0),(62938,2,'','1717969353113',9.9,NULL,NULL,195,NULL,NULL,0),(62939,2,'','1717969551812',9.9,NULL,NULL,195,NULL,NULL,0),(62940,2,'','1717985827623',283.6,NULL,NULL,196,NULL,NULL,0),(62941,2,'','1717986875046',9.9,NULL,NULL,117,NULL,NULL,0),(62942,2,'','1717986925752',9.9,NULL,NULL,117,NULL,NULL,0),(62943,2,'','1718039779518',108.9,NULL,NULL,197,NULL,NULL,0),(62944,2,'','1718048019571',9.9,NULL,NULL,114,NULL,NULL,0),(62945,2,'','1718048067339',9.9,NULL,NULL,114,NULL,NULL,0),(62946,2,'','1718048552123',9.9,NULL,NULL,195,NULL,NULL,0);
/*!40000 ALTER TABLE `Order` ENABLE KEYS */;
UNLOCK TABLES;

--
-- Dumping data for table `OrderProduct`
--

LOCK TABLES `OrderProduct` WRITE;
/*!40000 ALTER TABLE `OrderProduct` DISABLE KEYS */;
INSERT INTO `OrderProduct` (`id`, `name`, `price`, `quantity`, `referenceId`, `orderId`) VALUES (62896,'Ovinhos Egg Shaker Infantil Plastico Pacote Com 40 Kidzzo',9.9,1,6160,62790),(62897,'Ovinhos Egg Shaker Infantil Plastico Pacote Com 40 Kidzzo',9.9,1,6160,62791),(62898,'Ovinhos Egg Shaker Infantil Plastico Pacote Com 40 Kidzzo',9.9,1,6160,62792),(62899,'MEUS PRIMEIROS VALORES: TEDY APRENDE A TRABALHAR EM GRUPO',6.9,1,4930,62793),(62900,'MEUS PRIMEIROS VALORES: TEDY APRENDE A TRABALHAR EM GRUPO',6.9,1,4930,62794),(62901,'MEUS PRIMEIROS VALORES: TEDY APRENDE A TRABALHAR EM GRUPO',6.9,1,4930,62795),(62902,'MEUS PRIMEIROS VALORES: TEDY APRENDE A TRABALHAR EM GRUPO',6.9,1,4930,62796),(62903,'Ovinhos Egg Shaker Infantil Plastico Pacote Com 40 Kidzzo',9.9,1,6160,62797),(62904,'Ovinhos Egg Shaker Infantil Plastico Pacote Com 40 Kidzzo',9.9,1,6160,62798),(62905,'PIÃO DE FIEIRA',29.9,1,18,62799),(62906,'Ovinhos Egg Shaker Infantil Plastico Pacote Com 40 Kidzzo',9.9,1,6160,62800),(62907,'Ovinhos Egg Shaker Infantil Plastico Pacote Com 40 Kidzzo',9.9,1,6160,62801),(62908,'Ovinhos Egg Shaker Infantil Plastico Pacote Com 40 Kidzzo',9.9,1,6160,62802),(62909,'Ovinhos Egg Shaker Infantil Plastico Pacote Com 40 Kidzzo',9.9,2,6160,62803),(62910,'PIÃO DE FIEIRA',29.9,23,18,62804),(62911,'PIÃO DE FIEIRA',29.9,23,18,62805),(62912,'Ovinhos Egg Shaker Infantil Plastico Pacote Com 40 Kidzzo',9.9,1,6160,62806),(62913,'Ovinhos Egg Shaker Infantil Plastico Pacote Com 40 Kidzzo',9.9,1,6160,62807),(62914,'PIÃO DE FIEIRA',29.9,1,18,62808),(62915,'Ovinhos Egg Shaker Infantil Plastico Pacote Com 40 Kidzzo',9.9,1,6160,62809),(62916,'Ovinhos Egg Shaker Infantil Plastico Pacote Com 40 Kidzzo',9.9,31,6160,62810),(62917,'MAGFORMA BLOCOS MAGNÉTICOS VAZADOS 20 PEÇAS',269.9,9,41,62810),(62918,'BONECA TILDA G',47.9,9,201,62810),(62919,'TRENZINHO COM FORMAS',99.9,7,482,62810),(62920,'PIÃO DE FIEIRA',29.9,5,18,62811),(62921,'PIÃO DE FIEIRA',29.9,5,18,62812),(62922,'PIÃO DE FIEIRA',29.9,2,18,62813),(62923,'PIÃO DE FIEIRA',29.9,113,18,62814),(62924,'MAGFORMA BOARDS LETRAS E NÚMEROS',349.9,29,65,62814),(62925,'LABIRINTO',154.9,41,163,62814),(62926,'KIT MINI VÔLEI',874,65,5530,62814),(62927,'CUBO MÁGICO PLAYCUBE MEGAMINX PROFISSIONAL',116.9,49,5546,62814),(62928,'Quebra-Cabeça Magnético e Lousa',109.9,105,7039,62814),(62929,'QUEBRA-CABEÇA TREM',39.9,156,3219,62814),(62930,'PIÃO DE FIEIRA',29.9,11,18,62815),(62931,'Ovinhos Egg Shaker Infantil Plastico Pacote Com 40 Kidzzo',9.9,15,6160,62815),(62932,'Boneca em Plush Cabelo Preto',118.9,5,5988,62815),(62933,'LOUSA MAGNETICA',223.9,7,2079,62815),(62934,'DOMINO TRADICIONAL MDF',32.9,10,2322,62815),(62935,'Quebra-Cabeça Magnético e Lousa',109.9,9,7039,62815),(62936,'Boneca em Plush Cabelo Ruivo',118.9,5,5989,62815),(62937,'MAGFORMA BOARDS LETRAS E NÚMEROS',349.9,1,65,62816),(62938,'MAGFORMA BOARDS LETRAS E NÚMEROS',349.9,5,65,62817),(62939,'Boneca em Plush Cabelo Ruivo',118.9,18,5989,62817),(62940,'MAGFORMA BOARDS LETRAS E NÚMEROS',349.9,1,65,62818),(62941,'MAGFORMA BOARDS LETRAS E NÚMEROS',349.9,1,65,62819),(62942,'MAGFORMA BOARDS LETRAS E NÚMEROS',349.9,1,65,62820),(62943,'LABIRINTO',154.9,5,163,62821),(62944,'Boneca em Plush Cabelo Ruivo',118.9,5,5989,62821),(62945,'BONECA EMÍLIA',129.9,7,220,62821),(62946,'PIÃO FRANCES',39.9,1,53,62822),(62947,'Ovinhos Egg Shaker Infantil Plastico Pacote Com 40 Kidzzo',9.9,1,6160,62823),(62948,'PIÃO DE FIEIRA',29.9,1,18,62823),(62949,'ALF MOVEL - EVA - 46 PECAS - EMB. POTE',43.9,1,2294,62823),(62950,'DOMINÓ MULTIPLICAÇÃO (ESTOJO)',35.9,1,1878,62824),(62951,'Vaptsleka',9.9,1,6111,62825),(62952,'Ovinhos Egg Shaker Infantil Plastico Pacote Com 40 Kidzzo',9.9,1,6160,62826),(62953,'PIÃO DE FIEIRA',29.9,1,18,62827),(62954,'Ovinhos Egg Shaker Infantil Plastico Pacote Com 40 Kidzzo',9.9,1,6160,62828),(62955,'Ovinhos Egg Shaker Infantil Plastico Pacote Com 40 Kidzzo',9.9,2,6160,62829),(62956,'PIÃO DE FIEIRA',29.9,1,18,62830),(62957,'MEMORIA ANIMAIS E NOMES - MDF - 40 PC - CX. MAD.',37.9,2,2325,62831),(62958,'CAMINHÃO MINI',39.9,1,470,62832),(62959,'PIÃO DE FIEIRA',29.9,4,18,62833),(62960,'PEQUENA PERCUSSÃO BABY',639.9,1,3615,62833),(62961,'Ovinhos Egg Shaker Infantil Plastico Pacote Com 40 Kidzzo',9.9,1,6160,62834),(62962,'MAGFORMA BOARDS LETRAS E NÚMEROS',349.9,176,65,62835),(62963,'JOGO DA MEMORIA DE CORES - 6 CORES',123.9,1,1036,62835),(62964,'DOMINÓ MULTIPLICAÇÃO (ESTOJO)',35.9,2,1878,62835),(62965,'ALF MOVEL - EVA - 46 PECAS - EMB. POTE',43.9,1,2294,62835),(62966,'IQ XO',116.9,1,5190,62835),(62967,'PIÃO DE FIEIRA',29.9,1,18,62836),(62968,'Gelástica',12.9,1,5617,62837),(62969,'Bumbo Infantil De Madeira 8 Pol Com Pele Animal Kidzzo',223.9,1,6158,62838),(62970,'Ovinhos Egg Shaker Infantil Plastico Pacote Com 40 Kidzzo',9.9,1,6160,62838),(62971,'Vaptsleka',9.9,1,6111,62838),(62972,'RISQUE E APAGUE COM ESPONJA',29.9,1,3073,62838),(62973,'Boneca em Plush Cabelo Preto',118.9,41,5988,62838),(62974,'MONTE O T',21.9,1,3139,62839),(62975,'CAMINHÃO MINI',39.9,1,470,62840),(62976,'Vaptsleka',9.9,1,6111,62841),(62977,'MEUS PRIMEIROS VALORES: TEDY APRENDE A TRABALHAR EM GRUPO',2,1,4930,62842),(62978,'MEUS PRIMEIROS VALORES: TEDY APRENDE A TRABALHAR EM GRUPO',2,1,4930,62843),(62979,'MEUS PRIMEIROS VALORES: TEDY APRENDE A TRABALHAR EM GRUPO',2,1,4930,62844),(62980,'MEUS PRIMEIROS VALORES: TEDY APRENDE A TRABALHAR EM GRUPO',2,1,4930,62845),(62981,'MEUS PRIMEIROS VALORES: TEDY APRENDE A TRABALHAR EM GRUPO',2,1,4930,62846),(62982,'MEUS PRIMEIROS VALORES: TEDY APRENDE A TRABALHAR EM GRUPO',2,1,4930,62847),(62983,'MEUS PRIMEIROS VALORES: TEDY APRENDE A TRABALHAR EM GRUPO',2,1,4930,62848),(62984,'MEUS PRIMEIROS VALORES: TEDY APRENDE A TRABALHAR EM GRUPO',2,1,4930,62849),(62985,'Vaptsleka',9.9,1,6111,62850),(62986,'Ovinhos Egg Shaker Infantil Plastico Pacote Com 40 Kidzzo',9.9,1,6160,62851),(62987,'MEUS PRIMEIROS VALORES: TEDY APRENDE A TRABALHAR EM GRUPO',2,1,4930,62852),(62988,'MEUS PRIMEIROS VALORES: TEDY APRENDE A TRABALHAR EM GRUPO',2,1,4930,62853),(62989,'Vaptsleka',9.9,1,6111,62854),(62990,'PIRAMIDE DIDÁTICA',37.9,1,1938,62855),(62991,'Mini Cozinha Microondas',145.6,2,7199,62856),(62992,'PIRAMIDE DIDÁTICA',37.9,1,1938,62857),(62993,'PIRAMIDE DIDÁTICA',37.9,2,1938,62858),(62994,'PIRAMIDE DIDÁTICA',37.9,1,1938,62859),(62995,'Mini Cozinha Microondas',145.6,1,7199,62860),(62996,'SHOW DE MÁGICA',39.9,1,1693,62861),(62997,'Vaptsleka',9.9,1,6111,62862),(62998,'PIÃO DE FIEIRA',29.9,1,18,62863),(62999,'Mini Cozinha Fogão',145.6,1,7200,62864),(63000,'Mini Cozinha Microondas',145.6,1,7199,62865),(63001,'JOGO 4 EM 1',69.9,1,1857,62866),(63002,'RISQUE E APAGUE COM ESPONJA',29.9,1,3073,62867),(63003,'Mini Cozinha Microondas',145.6,1,7199,62868),(63004,'Follow Pins EducaPlay',163.5,1,7313,62869),(63005,'QUADRO DE ATIVIDADES LINHA DESENVOLVIMENTO',64.5,1,1762,62869),(63006,'XILOFONE INFANTIL',39.9,1,6945,62870),(63007,'Jogo Monte e Encontre Linha Mindfullness',77.9,1,1773,62871),(63008,'Ovinhos Egg Shaker Infantil Plastico Pacote Com 40 Kidzzo',12,1,6160,62872),(63009,'Helicóptero',179.9,1,5419,62873),(63010,'Batata Game',49.9,1,7276,62874),(63011,'Ovinhos Egg Shaker',9.9,1,6160,62875),(63012,'Trenzoca',89.9,1,484,62876),(63013,'Banca Rosqueada',89.9,1,480,62876),(63014,'Trenzoca',89.9,1,484,62877),(63015,'Banca Rosqueada',89.9,1,480,62877),(63016,'Banca Rosqueada',89.9,1,480,62878),(63017,'Trenzoca',89.9,1,484,62878),(63018,'Torre Lúdica - Animais',49,1,7102,62879),(63019,'Torre Lúdica - Animais',49,1,7102,62880),(63020,'Pião de Fieira',29,1,18,62881),(63021,'Não Abra Este Livro... Definitivamente',39.9,1,3706,62882),(63022,'Jogo 3 Em 1',59.9,1,5447,62883),(63023,'Memoria Figuras e Palavras - Mdf - 40 Pc - Cx. Mad.',37.9,1,2344,62884),(63024,'Mini Cozinha Fogão',145.6,1,7200,62885),(63025,'Mini Cozinha Fogão',145.6,1,7200,62886),(63026,'Mini Cozinha Fogão',145.6,1,7200,62887),(63027,'Mini Cozinha Fogão',145.6,1,7200,62888),(63028,'Ovinhos Egg Shaker',9.9,1,6160,62889),(63029,'Mini Cozinha Fogão',145.6,1,7200,62890),(63030,'Mini Cozinha Fogão',145.6,1,7200,62891),(63031,'Mini Cozinha Fogão',145.6,1,7200,62892),(63032,'Mini Cozinha Fogão',145.6,1,7200,62893),(63033,'Brincando Com as Letras',1,1,5826,62894),(63034,'Brincando Com as Letras',1,1,5826,62895),(63035,'Make Brinq Bolsinha Ateliê',97.9,1,6556,62896),(63036,'Lousa Magnética Espacial',94.9,1,5799,62897),(63037,'Lousa Magnética Espacial',94.9,1,5799,62898),(63038,'Mini Cozinha Fogão',145.6,1,7200,62899),(63039,'Painel Divertido Fundo do Mar',56.9,1,7548,62900),(63040,'Vaptsleka',9.9,1,6111,62901),(63041,'Vaptsleka',9.9,1,6111,62902),(63042,'Ovinhos Egg Shaker',9.9,1,6160,62903),(63043,'Pula Sapo',38.9,2,7301,62904),(63044,'Lançador de Bolinha',32.6,1,7536,62905),(63045,'Brincando Com as Letras',1,6,5826,62905),(63046,'Lançador de Bolinha',32.6,2,7536,62906),(63047,'Brincando Com as Letras',1,6,5826,62906),(63048,'Pata Joaninha k Eco',79,1,7064,62907),(63049,'Não Abra Este Livro... Definitivamente',39.9,44,3706,62907),(63050,'Ovinhos Egg Shaker',9.9,1,6160,62908),(63051,'Ovinhos Egg Shaker',9.9,1,6160,62909),(63052,'Ovinhos Egg Shaker',9.9,1,6160,62910),(63053,'Peteca Colorida',44.9,1,191,62911),(63054,'Peteca Colorida',44.9,1,191,62912),(63055,'Torre Equilibrio Cores',59.9,1,1862,62913),(63056,'Poli Bricks',129.9,1,7312,62914),(63057,'Poli Bricks',129.9,1,7312,62915),(63058,'Vaptsleka',9.9,1,6111,62916),(63059,'Vaptsleka',9.9,1,6111,62917),(63060,'Ovinhos Egg Shaker',9.9,1,6160,62918),(63061,'Ovinhos Egg Shaker',9.9,1,6160,62919),(63062,'Gelástica',15.9,1,5617,62920),(63063,'Mordedor Com Água Centopeia',29.9,1,2607,62921),(63064,'Lucy Maquiagem Morango',2,1,8101,62922),(63065,'Lucy Maquiagem Morango',2,1,8101,62923),(63066,'Meu Superkit Brilhante de Arteterapia! Dinossauros',65.9,1,6178,62924),(63067,'Ovinhos Egg Shaker',2,1,6160,62925),(63068,'Ovinhos Egg Shaker',2,1,6160,62926),(63069,'Ovinhos Egg Shaker',2,1,6160,62927),(63070,'Ovinhos Egg Shaker',2,1,6160,62928),(63071,'Ovinhos Egg Shaker',2,1,6160,62929),(63072,'Ovinhos Egg Shaker',2,1,6160,62930),(63073,'Poli Bricks',129.9,1,7312,62931),(63074,'Pula Sapo',38.9,1,7301,62932),(63075,'Pega Varetas',29.9,1,3213,62932),(63076,'Alfabeto Ilustrado Escreva e Apague',88.5,1,3557,62932),(63077,'Memoria Frutas (estojo)',34.9,1,1884,62932),(63078,'Quebra-Cabeça Madeira 60pc',24.9,1,7035,62932),(63079,'Torre Giratória',85.5,1,7541,62933),(63080,'Regador Emborrachado Hipopótamo de Banho',52.9,1,5778,62933),(63081,'Como Eu Me Sinto...quando Me Importo Com os Outros',12.9,1,4842,62933),(63082,'Vaptsleka',9.9,1,6111,62934),(63083,'Mordedor Com Água Centopeia',29.9,1,2607,62935),(63084,'Vaptsleka',9.9,107,6111,62935),(63085,'Horti Cesto Frutas',108.9,1,7193,62936),(63086,'Vaptsleka',9.9,1,6111,62937),(63087,'Vaptsleka',9.9,1,6111,62938),(63088,'Vaptsleka',9.9,1,6111,62939),(63089,'Alfabetário Braile',76.9,1,3277,62940),(63090,'Kit de Atividades Aprendendo Braille',76.9,1,1788,62940),(63091,'Quebra-Cabeça de Encaixe Aprendendo Braille',49.9,1,5512,62940),(63092,'Quebra-Cabeça Aprendendo o Alfabeto Em Libras',79.9,1,1787,62940),(63093,'Ovinhos Egg Shaker',9.9,1,6160,62941),(63094,'Ovinhos Egg Shaker',9.9,1,6160,62942),(63095,'Horti Cesto Leg e Veg',108.9,1,7194,62943),(63096,'Vaptsleka',9.9,1,6111,62944),(63097,'Vaptsleka',9.9,1,6111,62945),(63098,'Vaptsleka',9.9,1,6111,62946);
/*!40000 ALTER TABLE `OrderProduct` ENABLE KEYS */;
UNLOCK TABLES;

--
-- Dumping data for table `User`
--

LOCK TABLES `User` WRITE;
/*!40000 ALTER TABLE `User` DISABLE KEYS */;
INSERT INTO `User` (`id`, `name`, `lastname`, `cpf`, `company`, `postcode`, `address`, `number`, `district`, `complement`, `city`, `state`, `phone`, `email`, `profilePicUrl`, `password`) VALUES (114,'Fernando','Burgos','02576698506','','80060020','Rua Benjamin Constant','145','Centro','Apto 11','Curitiba','PR','(41) 9 8455-6795','fernando@agenciaboz.com.br','','123'),(115,'Mizael ','Almeida Junior','05572869996','','80060020','Rua Benjamin Constant','185','Centro','','Curitiba','PR','41996122074','mizael@agenciazop.com.br','','8794746788'),(116,'LUIZ','JUNIOR','06332793902','Agência BOZ','82510290','Rua Canadá','185','Bacacheri','Apto 704','Curitiba','PR','41996122074','luiz@agenciazop.com.br','','123456'),(117,'Matheus','Fernandes','10305178946','Casa Lúdica','31844250','Rua Manuel Nunes Viana','720','Centro','LOJA DE BRINQUEDOS','Belo Horizonte','MG','47999742143','financeirofranquia@casaludica.com.br','','Admin@3405'),(118,'Alana','Gazaniga','04840583986','Casa Lúdica Franqueadora','88330472','Rua 1950','720','Centro','de 190/191 a 667/668','BALNEARIO CAMBORIU','SC','47991794459','alana@casaludica.com.br','',NULL),(119,'Francieli Joana Maria','Celeghim Silva Maria Junior Almeida Silva Junior ','07772274955','teste 3','83060230','Rua Salomão Miguel Nasser','1.055','Guatupê','Apto 01, bloco 35','São José dos Pinhais','PR','(41) 9 9137-1739','francieliceleghim2013@gmail.com','https://agencyboz.com:4100/static/users/119/Screenshot from 2024-04-12 11-43-57.png','1234'),(121,'tai','Xerox','07903209590','','80060020','Rua Benjamin Constant','145','Centro','Apto 11','Curitiba','PR','(41) 9 8455-6795','tai@agenciaboz.com.br','','123'),(122,'Ademir','Ademir','02482966981','','80060020','Rua Benjamin Constant','1.313','Centro',NULL,'Curitiba','PR','41984556795','ajbsistemas.bnu@gmail.com','','212500'),(123,'Clarissa','Paulucci','30963473018','Teste','80020240','Rua Alfredo Bufren','123','Centro','Apto 789 casa 3456','Curitiba','PR','41991371739','clarissa-paulucci@tuamaeaquelaursa.com','',NULL),(124,'Francieli','Celeghim','57137022006','Teste','80020240','Rua Alfredo Bufren','1.235','Centro','Bloco 8908 ','Curitiba','PR','41991371739','francieli@agenciazop.com.br','https://agencyboz.com:4100/static/users/124/IMG-20240407-WA0047.jpg','123'),(125,'Elenir ','Margareth','69894582915','Casa Lúdica Teste','88330472','Rua 1950','720','Centro','de 190/191 a 667/668','Balneário Camboriú','SC','47996179411','financeiro@casaludica.com.br','','238967'),(126,'a','a','1','','80030140','Rua Maria Clara','1','Alto da Glória',NULL,'Curitiba','PR','1','a','',NULL),(127,'Israel','Padilha','06623843930','teste','80030140','Rua Maria Clara','33','Alto da Glória','11','Curitiba','PR','(41) 9 8861-8688','israel@agenciaboz.com.br','','1234'),(128,'rafaela-nespoli','Silva','24679970065','Teste','87910000','Rua Quintino Bocaiuva','185','Centro ','Casa 189','Santa Isabel do Ivaí','PR','(41) 9 9137-1739','rafaela-nespoli@tuamaeaquelaursa.com','https://agencyboz.com:4100/static/users/128/IMG-20240416-WA0095.jpg','1234'),(129,'Bruno','Funes','09473557906','','80220070','Rua Nunes Machado','2.195','Rebouças','','Curitiba','PR','(41) 9 9623-1900','bh@agenciazop.com.br','https://agencyboz.com:4100/static/users/129/background.jpg','BHzop'),(130,'gabriela-gobbato','Silva Souza','32117275079','','','','','','','','','(41) 9 9137-1739','gabriela-gobbato@tuamaeaquelaursa.com','https://agencyboz.com:4100/static/users/130/images.jpeg','12345'),(132,'Julia ','Costa','01281293954','','88343458','Rua jaraguá bairro rio pequeno ','58','Rio pequeno ','Sobrado','Balneário camboriu ','SC','(47) 9 9926-5826','julia.athayde.costa17@gmail.com','','julinha10'),(133,'Micheli','Schmitt','01803427116','','68626357','Travessa Castanhal','96','Angelim',NULL,'Paragominas','PA','91991141555','micheli_arquiteta@hotmail.com','',NULL),(134,'César Luís','Buzzacaro','04724938927','','85605455','Rua Tatuai ','73','Jardim Seminário ','','Francisco Beltrão ','PR','(46) 9 9910-9952','cesar.bu@hotmail.com','','cafu1985'),(135,'Camila','Candinho','08653065911','','89060310','Rua Paulo Krueger','77','Fidélis',NULL,'Blumenau','SC','47996458505','kami_candinho8896@hotmail.com','',NULL),(136,'Enedir ','Da Costa ','96963247900','','89023520','Rua Guanabara','168','Valparaiso',NULL,'Blumenau','SC','47984838994','tiammeme@hotmail.com','',NULL),(139,'Dione Silva ','Sabre','94096449334','','74815755','Rua São Luis','66','Alto da Glória',NULL,'Goiânia','GO','6298233323','dioness@hotnail.com','',NULL),(140,'Karyna ','Fergon','08173100616','','38400458','Av. Fernando Vilela ','1.790','Osvaldo Rezende ',NULL,'Uberlândia','MG','34996352225','karyna_fergon@yahoo.com.br','',NULL),(163,'Gabriela Sperry Wentz','Sperry Wentz','63514532087','','99500000','Flores da cunha ','725','Centro ',NULL,'Carazinho','RS','55996945155','profgabi1974@hotmail.com','',NULL),(164,'CAROLINE','CABRAL','16062389730','Cria ','28640000','Rua Ulisses Lengruber de Andrade','649','Centro',NULL,'Carmo','RJ','22997765032','farsuracaroline@gmail.com','',NULL),(165,'THIAGO','RODRIGUES','32385139820','NOAH','05346000','Andar - Sala 124B','24','Indianópolis','até 199/200','São Paulo','SP','11933818000','gao.werner@gmail.com','',NULL),(166,'Ana Flávia ','Oliveira','40971211892','','08730805','Rua Jardelina de Almeida Lopes','592','Parque Santana','Casa 25','Mogi das Cruzes','SP','11991281557','anaflavia.terapias@gmail.com','',NULL),(167,'ODETH','OLIVEIRA','99324156187','','71938540','Rua das Pitangueiras','5','Sul (Águas Claras)','LOJA 9','Brasília','DF','61981110330','odeth.oliveira@gmail.com','',NULL),(168,'Mateus ','Savi Mundo ','08487815979','','89504742','Rua Itaiópolis','158','Municípios','Casa','Caçador','SC','49991462732','savi.mateusmundo@gmail.com','','M@te1971'),(169,'silvanavma','','61966746172','','','','','','','','','','silvanavma@bol.com.br ','','Val@250373'),(173,'Daniela','Nogueira','77838173191','CASA LÚDICA CAMPO GRANDE','79010240','Rua Bahia','217','Monte Castelo','de 1428/1429 ao fim','Campo Grande','MS','67999444451','casaludicacg@gmail.com','',NULL),(174,'LEANDRO','MONTEIRO','0405474185','','79002364','Rua Rui Barbosa','3.550','Centro','de 3452 a 4184 - lado par','Campo Grande','MS','67998212621','engleandro67@gmail.com','',NULL),(175,'Marlize','Schokal ','92912877091','','88330494','Rua 2380','1.308','Centro','Apto 102','Balneário Camboriú','SC','47991761178','marlizeschokal@gmail.com','','241653'),(176,'D','E','0','T','85803190','Rua Aquilino Zatti','1','Santa Felicidade',NULL,'Cascavel','PR','1','d','',NULL),(177,'gestao','','11216010811','','','','','','','','','','gestao@associacaoalmater.com.br','','almater2222'),(178,'Mayara','Alexi','01000904946','','89204380','Rua Eduardo Trinks','63','América','Apto 303','Joinville','SC','47999660450','aleximaya7@gmail.com','','998877'),(179,'Priscila de Cassia Alves','Alves','07493048983','','88332400','Avenida Hermógenes de Assis Feijó','1.099','São Judas Tadeu','de 890/891 a 1212/1213','BalneÁrio CamboriÚ','SC','47988686346','pri25ah@gmail.com','',NULL),(180,'Viviane ','Paula','00970246609','','31844250','Rua Manuel Nunes Viana','89','Tupi B',NULL,'Belo Horizonte','MG','11994053364','vividripaula@gmail.com','',NULL),(181,'will','','11963254996','','','','','','','','','','will@agenciaboz.com.br','','Fernando1'),(182,'Carmen','Rodrigues','10955886805','csmrodrigues21@gmail.com','12235361','Rua Professor José Antônio Coutinho Condino','300','csmrodrigues21@gmail.com','csmrodrigues21@gmail.com','São José dos Campos','SP','12983044929','csmrodrigues21@gmail.com','',NULL),(183,'Katiane ','Trentin ','01294476092','','95045360','Rua Vilson Antônio Vicioli','40','Nossa Senhora do Rosário','403','Caxias do Sul','RS','54981148102','trentinkatiane@gmail.com','',NULL),(184,'Nayane','Mendes','75063409172','','74919385','Rua José Raimundo Bolognani','0','Vila Maria','Qd 82 Lt 22 casa 02','Aparecida de Goiânia','GO','62993171518','nayan.ems@hotmail.com','',NULL),(185,'Joseli ','Franceschet ','05119512992','','89610000','Rua Santos Dumont ','1.037','Centro ','Mercado herval ','Herval D\'Oeste','SC','49991460016','joselif@gmail.com','',NULL),(193,'Nicolas','Massiroli','12434993974','','89060310','Rua Paulo Krueger','77','Fidélis',NULL,'Blumenau','SC','47988062479','nicolasmassiroli16@gmail.com','',NULL),(194,'Laís ','Laurindo','06548638905','','89015100','rua 1950','730','Ribeirão Fresco','apartamento 117','Balneário Camboriú','SC','47999123764','la_bnu@hotmail.com','',NULL),(195,'João ','Da silva','07505375903','João ','88330281','Rua 3150','35','Centro','803','Balneário Camboriú','SC','47999988672','joaopaulo18192200@gmail.com ','','18192200'),(196,'Sonia ','Nascimento ','87763931949','','83306060','Rua Estanislau Mazepa','328','Vila Juliana',NULL,'Piraquara','PR','41984882425','soniatosinn@yahoo.com.br ','',NULL),(197,'Giovani','Coelho','01460485980','','89052630','Rua Berlim','183','Itoupava Norte',NULL,'Blumenau','SC','47989251661','giovanicoelho77@outlook.com','',NULL);
/*!40000 ALTER TABLE `User` ENABLE KEYS */;
UNLOCK TABLES;

--
-- Dumping data for table `_prisma_migrations`
--

LOCK TABLES `_prisma_migrations` WRITE;
/*!40000 ALTER TABLE `_prisma_migrations` DISABLE KEYS */;
INSERT INTO `_prisma_migrations` (`id`, `checksum`, `finished_at`, `migration_name`, `logs`, `rolled_back_at`, `started_at`, `applied_steps_count`) VALUES ('012fe992-3e36-4fc3-b208-f7d1ecfd875c','788e723292fbacba4f92217a48e65a927754ebc2884a7ff09fca29e58497e5b7','2023-11-27 18:57:10.625','20231127185710_user_password',NULL,NULL,'2023-11-27 18:57:10.528',1),('0ecf63f3-adfb-4413-a060-53c63ac14543','39c03b0c33d2db8ac28f21e4ee6b30aca4418d9d40ddb828d9b22ef4223fc737','2023-11-27 19:21:20.283','20231127192120_user_uniquefields',NULL,NULL,'2023-11-27 19:21:20.194',1),('6c5a3b0c-8844-46b1-a6ce-e08a96ef1550','50434fa9bcf7f07c343ded7288b077ab9e409bc9a81c8329865342524ad8fee8','2023-11-27 17:51:04.032','20231127175103_user',NULL,NULL,'2023-11-27 17:51:03.795',1),('7543f9a1-b496-4717-916b-9fa2d31fb378','ed68bc236805fd88392712ef29d181f2726279b062ba724ab78904276c2b96f3','2024-04-05 14:28:33.428','20240405142833_user_cpf_optional',NULL,NULL,'2024-04-05 14:28:33.292',1),('e3023d8b-c936-4738-b4ab-215bc15622fc','7d3d90aa49d5d3eaf93e0bd547ea753a85a4c187b4323a49901e0440a84c473b','2024-03-19 20:26:37.214','20240319202637_newsletter',NULL,NULL,'2024-03-19 20:26:37.144',1);
/*!40000 ALTER TABLE `_prisma_migrations` ENABLE KEYS */;
UNLOCK TABLES;
/*!40103 SET TIME_ZONE=@OLD_TIME_ZONE */;

/*!40101 SET SQL_MODE=@OLD_SQL_MODE */;
/*!40014 SET FOREIGN_KEY_CHECKS=@OLD_FOREIGN_KEY_CHECKS */;
/*!40014 SET UNIQUE_CHECKS=@OLD_UNIQUE_CHECKS */;
/*!40101 SET CHARACTER_SET_CLIENT=@OLD_CHARACTER_SET_CLIENT */;
/*!40101 SET CHARACTER_SET_RESULTS=@OLD_CHARACTER_SET_RESULTS */;
/*!40101 SET COLLATION_CONNECTION=@OLD_COLLATION_CONNECTION */;
/*!40111 SET SQL_NOTES=@OLD_SQL_NOTES */;

-- Dump completed on 2024-06-10 16:59:18
